reliability,punctuality,task_quality,success_rate,total_projects,completed_projects,total_hours,availability_hours,project_duration,project_complexity,required_hours,is_suitable
5.67,7.58,7.33,0.625,8,5,101.2,25.8,4.2,6.5,17.0,1
8.21,6.36,4.43,0.5,8,4,212.7,39.1,9.9,3.7,14.9,1
3.97,5.76,5.0,0.667,6,4,122.6,23.8,10.8,6.4,56.1,1
8.49,7.49,6.92,0.765,17,13,152.5,28.6,2.6,8.2,13.7,1
2.28,5.1,5.86,0.0,1,0,14.2,22.3,7.9,4.0,13.2,0
8.12,8.62,5.92,0.615,13,8,105.6,30.9,4.5,5.6,55.4,1
8.77,6.58,6.03,0.714,14,10,197.2,36.5,1.1,5.6,30.9,1
6.4,6.79,6.04,0.769,13,10,138.9,16.3,4.1,9.2,22.0,1
8.84,8.49,9.27,0.913,23,21,206.9,30.8,8.0,5.8,14.5,1
1.43,2.22,2.98,0.0,0,0,56.6,5.3,6.6,3.0,42.3,0
7.58,10.0,7.72,0.941,17,16,176.5,28.2,3.7,1.8,54.9,1
2.92,1.41,6.14,0.0,5,0,48.8,23.0,7.7,1.1,15.1,0
8.3,6.71,4.01,0.5,8,4,79.4,9.9,11.7,4.5,54.6,1
6.48,6.02,7.98,0.4,5,2,49.7,23.8,11.5,9.2,28.5,1
8.38,9.24,8.05,0.789,19,15,161.3,28.9,11.3,7.3,38.5,1
9.28,8.56,7.36,0.88,25,22,260.6,24.0,4.2,8.3,50.5,1
3.54,5.57,6.59,0.0,4,0,36.9,16.6,1.4,5.2,37.1,0
7.01,6.7,7.1,0.75,8,6,68.5,16.3,6.8,5.9,41.9,1
5.52,6.66,7.37,0.667,3,2,114.4,18.9,5.5,2.6,17.8,1
6.25,9.32,7.49,0.583,12,7,98.4,16.0,10.4,7.3,33.7,1
5.26,7.48,8.25,0.842,19,16,154.3,24.4,7.9,5.5,52.8,1
3.63,5.7,5.89,0.4,10,4,83.6,7.0,1.2,1.8,44.2,1
9.38,8.04,7.88,0.955,22,21,242.4,35.1,4.1,2.6,47.5,1
2.86,3.96,4.21,0.0,2,0,113.7,13.6,9.3,7.8,15.2,0
5.85,4.04,5.23,0.0,1,0,12.8,11.4,11.5,9.6,38.7,0
5.03,3.31,5.13,0.333,6,2,87.9,13.8,10.8,4.2,15.9,1
9.11,9.86,8.07,0.708,24,17,196.4,39.7,5.1,4.3,50.6,1
3.87,2.71,3.62,0.0,4,0,32.6,14.4,1.6,2.1,15.9,0
6.28,8.3,5.64,0.5,4,2,34.2,22.8,6.8,9.9,13.7,1
6.1,6.04,6.55,0.333,6,2,198.2,22.8,6.0,6.6,23.9,1
6.38,7.97,7.74,0.773,22,17,260.0,32.1,2.8,9.2,51.1,1
3.77,5.34,6.66,0.0,3,0,47.6,21.2,11.9,2.4,39.7,0
6.86,8.69,5.09,0.846,13,11,150.6,20.7,8.4,6.6,27.9,1
7.9,8.74,10.0,0.913,23,21,224.1,29.0,10.6,4.6,16.7,1
9.15,9.87,7.54,0.8,15,12,164.6,24.8,5.8,9.1,27.4,1
6.53,5.27,7.8,0.571,7,4,89.9,11.6,8.0,3.2,13.8,1
8.87,7.56,7.99,0.885,26,23,217.5,19.8,1.4,2.5,23.9,1
7.44,7.07,8.31,0.889,18,16,146.0,35.0,7.9,1.7,53.7,1
3.3,3.6,5.11,0.0,1,0,41.1,17.4,5.1,5.2,47.4,0
9.26,9.35,7.51,0.846,26,22,213.7,26.2,6.9,3.2,23.5,1
6.22,5.9,9.02,0.7,10,7,131.9,29.3,4.9,9.9,40.3,1
8.06,6.42,6.42,0.875,8,7,69.9,24.9,11.7,8.8,50.9,1
7.6,6.03,7.12,0.7,10,7,97.0,29.5,2.7,5.3,36.6,1
9.25,7.64,8.12,0.722,18,13,201.2,34.0,7.6,5.2,30.6,1
7.2,7.31,7.59,0.667,9,6,94.2,36.9,5.3,8.3,32.0,1
8.9,4.96,6.58,0.615,13,8,183.0,30.5,6.9,9.0,49.4,1
7.41,7.68,10.0,0.92,25,23,205.9,36.2,2.4,4.6,49.9,1
8.9,9.26,7.58,0.87,23,20,223.1,21.3,4.8,2.6,55.4,1
4.16,2.51,6.07,0.5,4,2,159.9,19.1,2.7,6.2,40.3,1
10.0,7.42,7.12,0.692,13,9,185.2,15.1,4.7,4.6,36.9,1
1.18,1.67,3.4,0.0,1,0,17.7,15.0,5.6,9.2,28.1,0
8.0,4.47,6.58,0.667,3,2,58.9,16.9,1.7,7.7,20.5,1
2.47,3.02,3.94,0.0,1,0,38.2,15.5,5.8,4.6,38.0,0
7.96,8.79,8.25,0.75,28,21,275.6,25.2,1.3,2.4,45.8,1
6.58,4.31,5.01,0.333,3,1,120.8,21.6,5.4,7.0,20.2,1
7.59,5.2,9.12,0.667,12,8,244.3,34.1,2.5,8.8,34.4,1
2.9,6.42,7.88,0.0,1,0,216.0,15.5,2.9,3.5,10.9,0
4.71,4.35,2.24,0.0,2,0,27.6,5.2,2.5,9.1,53.7,0
8.0,7.52,3.04,0.5,2,1,20.3,17.1,3.7,4.5,24.4,1
5.46,6.03,8.26,0.778,9,7,74.6,27.4,7.6,4.0,48.5,1
8.68,8.17,10.0,0.895,19,17,232.3,32.4,4.0,6.3,28.0,1
8.45,8.43,9.12,0.938,16,15,193.9,35.2,8.2,7.2,52.5,1
5.17,7.13,7.98,0.769,13,10,117.1,18.0,1.8,7.3,27.0,1
5.7,5.72,5.14,0.571,7,4,57.1,22.5,6.8,9.5,49.9,1
5.7,2.77,3.08,0.2,5,1,53.6,7.2,4.9,3.6,24.8,0
4.02,7.16,7.28,0.846,13,11,117.2,38.6,8.1,6.5,35.6,1
6.38,6.48,7.67,0.833,12,10,108.7,20.6,6.9,6.3,39.0,1
7.88,8.14,9.08,0.833,24,20,196.6,25.2,5.1,3.3,46.2,1
6.38,7.47,6.98,0.85,20,17,262.7,15.7,10.1,2.2,26.8,1
7.28,6.55,5.21,0.0,2,0,64.0,24.6,7.9,3.3,41.7,0
5.04,6.33,6.17,0.429,7,3,117.6,6.3,7.4,4.1,41.0,1
10.0,8.87,7.97,0.889,18,16,201.5,26.1,4.0,10.0,31.3,1
7.53,6.6,5.77,0.7,10,7,105.3,21.9,11.8,4.7,54.7,1
7.85,5.7,8.73,0.846,13,11,151.9,34.9,6.3,2.1,16.3,1
3.46,5.53,4.69,0.4,5,2,64.9,14.6,7.6,3.6,44.7,1
3.47,2.26,3.91,0.0,2,0,64.1,19.0,7.2,1.1,26.3,0
5.13,4.98,4.3,0.4,5,2,101.3,5.6,11.3,1.5,37.1,1
5.08,6.59,6.82,0.571,7,4,93.4,19.6,1.9,1.5,22.4,1
8.18,8.92,9.02,0.864,22,19,239.5,20.7,12.0,9.8,42.5,1
7.93,8.0,8.71,0.895,19,17,219.9,25.6,4.8,4.3,59.4,1
8.72,9.55,10.0,0.95,20,19,187.4,21.9,7.5,9.2,20.5,1
4.81,8.07,6.97,0.5,4,2,42.0,22.1,6.4,3.2,53.5,1
4.32,7.48,5.61,0.545,11,6,97.3,28.0,4.7,8.5,31.5,1
7.38,9.0,8.02,0.714,7,5,137.9,29.6,10.6,2.9,15.6,1
7.06,6.37,6.84,0.778,9,7,123.0,36.7,6.0,5.6,34.4,1
3.95,7.66,4.24,0.6,5,3,49.7,18.9,10.2,9.5,44.2,1
8.16,7.57,6.46,0.833,12,10,122.1,36.8,9.6,6.1,46.9,1
3.62,0.97,2.32,0.0,5,0,79.3,5.1,4.6,4.3,29.8,0
4.01,2.77,4.84,0.333,3,1,55.1,12.6,10.5,5.7,34.0,1
7.18,7.34,6.97,0.842,19,16,198.8,34.1,9.9,7.5,57.8,1
9.26,8.78,8.6,0.833,18,15,158.8,22.1,4.4,8.2,37.0,1
6.92,9.02,7.93,0.714,7,5,117.7,17.7,7.2,3.3,58.1,1
7.27,8.84,7.15,0.769,13,10,120.1,35.6,5.7,7.0,14.8,1
4.86,9.33,3.94,0.25,4,1,83.4,17.1,7.0,3.1,29.5,1
5.97,6.0,6.42,0.5,6,3,91.2,10.5,1.9,1.8,54.7,1
7.73,7.4,7.79,0.833,18,15,147.5,35.0,3.6,5.9,54.0,1
2.51,6.56,7.64,0.667,6,4,57.6,18.8,3.2,5.8,14.8,1
5.55,6.32,8.48,0.786,14,11,118.8,35.7,9.6,7.4,11.8,1
6.06,5.6,4.8,0.857,14,12,213.3,35.1,9.7,3.7,14.0,1
7.61,7.84,5.92,0.643,14,9,134.9,16.7,1.3,2.2,58.2,1
5.39,6.73,5.9,0.333,3,1,76.5,8.0,1.7,8.0,33.0,1
6.52,7.94,8.09,0.667,15,10,178.9,16.6,6.6,10.0,50.7,1
6.92,3.77,1.97,0.5,4,2,119.9,19.7,9.5,1.1,30.8,1
8.12,6.54,7.47,0.833,6,5,208.4,27.2,2.2,5.9,32.7,1
3.45,2.32,3.2,0.0,2,0,46.8,20.7,10.8,9.6,49.3,0
5.94,6.47,9.19,0.75,12,9,104.1,33.4,6.6,7.1,12.1,1
8.13,8.68,7.15,0.889,18,16,154.2,19.4,2.1,6.9,48.2,1
5.83,7.93,8.57,0.889,9,8,152.2,22.3,11.8,6.4,39.1,1
6.31,7.61,5.25,0.429,7,3,67.0,22.7,8.1,3.6,50.8,1
1.99,5.51,2.54,0.2,5,1,248.9,23.7,1.5,2.5,16.6,1
4.71,6.88,7.66,0.444,9,4,103.0,5.2,3.7,7.5,59.6,1
8.52,9.79,8.08,0.875,16,14,175.9,19.7,4.9,8.1,37.7,1
7.72,9.15,8.38,0.778,18,14,248.6,39.9,5.1,5.0,46.1,1
4.26,0.94,6.62,0.0,2,0,38.0,20.9,2.0,6.3,34.0,0
5.69,4.97,8.59,0.333,6,2,68.3,20.7,8.8,8.1,35.9,1
9.26,6.68,5.94,0.692,13,9,195.6,24.6,7.3,6.3,19.2,1
7.17,5.08,7.39,0.818,11,9,122.3,25.9,9.0,7.9,17.9,1
5.28,6.59,4.94,0.333,3,1,39.2,9.9,11.0,3.2,23.6,1
7.74,5.59,5.77,0.0,1,0,15.5,15.6,5.5,4.1,55.0,0
7.75,8.75,8.59,0.75,12,9,161.6,39.5,3.8,6.9,19.9,1
6.2,5.95,3.38,0.0,2,0,111.1,16.2,6.8,2.0,53.0,0
7.25,6.26,5.25,0.5,4,2,126.8,18.4,6.1,4.7,42.5,1
5.53,4.91,5.53,0.333,3,1,44.0,20.1,6.7,2.8,53.9,1
5.97,3.35,4.92,0.0,3,0,55.2,23.2,6.9,5.5,15.3,0
4.86,7.72,5.97,0.5,8,4,142.8,11.3,10.4,9.2,23.8,1
0.91,3.4,3.27,0.0,2,0,45.0,17.3,1.9,8.9,50.2,0
5.38,6.68,4.21,0.333,3,1,61.5,19.4,10.8,1.7,46.6,1
8.93,8.77,8.8,0.75,20,15,191.9,35.5,6.1,4.2,34.7,1
1.7,3.09,5.51,0.0,0,0,7.7,12.0,6.0,7.7,42.6,0
6.32,7.5,5.15,0.333,6,2,57.6,22.1,3.5,8.5,24.0,1
5.69,8.91,4.3,0.5,2,1,118.5,20.3,9.7,7.0,23.0,1
2.28,5.21,7.42,0.0,0,0,30.8,22.3,7.0,4.4,58.8,0
7.96,8.41,8.83,0.765,17,13,256.8,33.8,9.9,1.2,58.1,1
5.79,7.33,5.01,0.4,5,2,40.6,14.4,4.3,6.4,24.9,1
8.14,9.25,6.87,0.6,10,6,84.9,37.7,8.4,8.5,53.9,1
5.25,1.95,6.82,0.5,8,4,77.6,15.2,2.1,4.5,34.4,1
5.68,6.83,5.87,0.333,3,1,26.3,7.8,4.0,9.7,26.6,1
9.03,7.74,5.51,0.6,5,3,52.4,15.9,2.2,4.0,50.1,1
2.69,6.17,5.56,0.5,2,1,51.4,22.5,6.4,7.3,59.6,1
9.17,7.79,6.99,0.947,19,18,214.6,30.2,4.4,8.4,57.8,1
3.76,2.89,2.73,0.0,2,0,43.1,20.0,1.8,1.7,27.7,0
4.12,6.21,6.08,0.0,2,0,138.3,17.3,10.6,7.5,16.0,0
3.61,2.66,0.95,0.0,2,0,56.9,11.9,9.0,6.9,52.3,0
4.53,8.76,4.68,0.375,8,3,107.6,12.4,7.6,7.4,44.4,1
6.7,5.74,5.84,0.667,6,4,66.6,31.9,7.7,4.3,20.9,1
2.73,7.4,3.17,0.0,1,0,43.2,24.3,5.2,1.4,11.5,0
6.69,9.12,7.67,0.692,13,9,112.4,28.8,7.0,7.9,51.7,1
6.65,5.92,5.95,0.75,8,6,71.5,26.1,7.9,5.4,30.1,1
4.03,5.62,7.53,0.0,1,0,40.3,15.9,3.5,9.7,55.5,0
7.19,7.63,5.95,0.5,4,2,176.2,8.0,6.1,9.8,34.2,1
0.31,6.27,2.37,0.0,3,0,124.3,24.6,5.5,8.4,48.2,0
4.52,7.75,5.49,0.333,6,2,80.4,18.8,8.9,7.2,16.7,1
8.37,6.56,5.93,0.75,8,6,153.8,33.5,2.6,7.8,48.4,1
4.47,6.88,6.47,0.333,3,1,50.1,6.3,4.8,2.0,50.4,1
0.09,4.38,4.0,0.0,2,0,41.8,10.9,3.6,3.5,50.2,0
2.03,5.49,3.65,0.0,2,0,209.1,17.1,4.9,6.8,16.1,0
0.0,4.33,7.24,0.0,0,0,13.8,19.3,10.0,8.2,37.6,0
7.36,6.59,5.04,0.333,3,1,26.8,20.0,4.5,1.0,35.6,1
9.46,7.47,7.64,0.714,14,10,204.5,22.8,9.7,9.0,31.7,1
5.53,4.7,3.81,0.0,0,0,34.0,12.8,8.0,7.3,10.2,0
9.47,9.74,8.59,0.882,17,15,187.7,16.2,5.0,9.6,35.0,1
7.24,5.47,6.75,0.7,10,7,186.1,20.4,8.5,6.5,24.8,1
9.77,9.31,9.58,0.737,19,14,262.5,22.2,5.0,1.5,15.6,1
3.45,7.11,5.03,0.0,1,0,9.0,7.5,5.6,5.4,30.2,0
5.38,6.02,6.61,0.286,7,2,129.5,21.1,2.3,3.4,10.9,1
6.95,7.32,8.86,0.5,4,2,84.0,39.4,10.3,1.2,54.9,1
5.17,8.23,3.4,0.5,2,1,84.8,14.5,1.6,9.6,57.1,1
4.26,6.03,6.15,0.333,3,1,31.6,17.4,9.6,6.2,17.3,1
1.16,6.84,1.89,0.0,2,0,126.4,19.2,1.7,2.3,10.4,0
6.77,4.37,5.57,0.4,5,2,122.2,14.2,7.0,4.9,12.2,1
7.08,8.23,8.07,0.967,30,29,503.1,32.8,11.8,6.1,23.0,1
7.71,6.34,7.19,0.75,16,12,136.9,29.1,9.5,5.5,10.6,1
9.12,8.29,9.13,0.938,16,15,193.3,17.4,5.7,1.3,34.0,1
3.6,5.46,4.83,0.4,5,2,110.2,23.4,11.5,6.2,27.9,1
6.11,3.63,7.87,0.333,3,1,36.5,5.8,1.4,2.6,53.3,1
5.51,7.33,7.7,0.733,15,11,130.3,23.3,10.4,2.9,13.6,1
8.51,9.21,9.77,0.875,24,21,265.7,31.4,2.7,8.9,37.0,1
6.56,6.59,6.9,0.5,4,2,69.0,16.4,11.7,3.0,25.2,1
7.82,5.82,7.8,0.786,14,11,116.1,28.6,8.8,2.5,49.0,1
6.19,6.98,3.55,0.4,5,2,175.1,21.6,8.7,7.4,33.1,1
5.46,5.66,3.24,0.0,2,0,208.0,22.1,8.7,7.5,38.1,0
4.72,0.0,3.87,0.0,1,0,32.3,5.5,10.2,1.1,45.2,0
0.77,3.36,5.6,0.0,2,0,79.4,22.3,3.0,8.2,37.6,0
7.69,6.63,5.96,0.727,11,8,90.7,28.7,4.2,3.8,27.6,1
7.33,4.7,4.77,0.4,5,2,184.5,17.8,8.4,6.7,19.9,1
6.82,6.7,7.31,0.875,8,7,70.0,25.1,9.1,7.3,31.1,1
5.2,6.42,6.9,0.875,8,7,81.6,17.3,7.6,6.6,42.4,1
5.26,8.17,5.62,0.8,10,8,146.7,37.1,3.2,6.3,45.1,1
5.16,5.93,3.5,0.286,7,2,84.4,6.9,9.2,9.2,31.7,1
7.62,9.21,6.41,0.625,8,5,169.0,33.5,1.2,3.2,20.7,1
9.05,6.84,8.94,0.643,14,9,238.8,29.6,6.9,3.4,28.4,1
5.29,5.99,5.15,0.0,2,0,43.9,13.9,8.1,9.4,13.2,0
2.64,0.81,2.76,0.0,2,0,42.4,18.1,3.9,2.4,18.0,0
8.5,9.04,7.46,0.88,25,22,205.9,22.2,4.4,3.2,35.8,1
3.47,4.02,6.52,0.5,8,4,104.3,15.1,3.1,8.7,43.8,1
4.49,4.76,5.09,0.0,2,0,25.9,18.9,3.5,2.1,18.3,0
9.48,9.42,7.25,0.692,13,9,214.8,21.0,4.9,1.9,21.1,1
5.58,3.87,6.7,0.0,2,0,176.8,17.3,7.1,4.7,31.4,0
7.13,7.58,5.8,0.5,6,3,55.7,18.8,3.3,4.5,54.8,1
5.44,3.98,7.31,0.667,6,4,106.3,21.3,1.1,7.5,36.8,1
4.15,4.61,0.25,0.0,2,0,123.1,14.3,1.8,4.5,50.2,0
3.16,3.5,5.69,0.0,2,0,19.8,12.5,9.8,4.9,59.9,0
3.88,4.97,3.92,0.5,4,2,32.4,9.4,8.3,5.4,10.3,1
0.85,4.48,6.72,0.0,0,0,43.8,20.6,9.3,8.2,35.9,0
9.57,10.0,7.78,0.87,23,20,294.0,29.5,8.0,2.4,33.7,1
6.29,4.73,4.82,0.5,4,2,42.4,6.5,8.7,4.4,51.1,1
4.51,7.28,4.16,0.5,6,3,63.4,18.2,10.0,8.0,48.0,1
9.39,8.76,7.96,0.667,18,12,159.0,15.8,10.7,3.2,37.9,1
7.26,9.66,9.17,0.84,25,21,203.5,17.4,12.0,3.9,47.4,1
2.97,2.17,3.56,0.0,0,0,76.6,16.3,4.4,6.9,21.6,0
9.12,9.83,8.89,0.952,21,20,212.2,29.5,11.9,7.8,32.1,1
7.14,3.97,4.97,0.364,11,4,118.3,18.5,8.5,4.4,57.1,1
10.0,8.5,9.51,0.882,17,15,181.7,19.5,8.8,5.1,43.4,1
5.91,4.94,6.4,0.2,5,1,48.3,16.5,4.0,9.3,39.2,1
4.8,5.77,5.69,0.6,5,3,148.6,8.9,9.1,3.6,50.1,1
2.69,4.52,4.13,0.0,2,0,19.5,24.5,10.0,8.7,56.9,0
7.83,8.32,7.84,0.7,20,14,169.2,18.7,11.7,7.8,58.4,1
6.15,8.25,6.22,0.714,7,5,59.2,20.3,9.9,2.3,27.1,1
0.05,3.73,6.43,0.0,1,0,15.8,17.5,4.0,5.4,14.1,0
7.34,8.3,6.34,0.833,12,10,206.1,24.3,3.1,5.4,47.1,1
8.5,7.13,8.14,0.667,9,6,115.3,27.2,8.1,3.1,37.6,1
6.56,6.13,7.48,0.875,8,7,239.2,29.3,2.6,4.4,49.9,1
7.14,6.19,7.48,0.5,8,4,166.3,34.8,7.9,7.8,17.6,1
7.56,6.34,6.69,0.857,7,6,87.6,26.7,9.4,2.4,34.4,1
6.37,8.87,6.54,0.75,8,6,66.6,15.9,7.1,4.9,52.0,1
8.88,8.45,8.08,0.882,17,15,141.9,30.2,4.1,2.6,29.0,1
6.07,2.89,4.59,0.0,2,0,40.5,6.3,1.2,8.4,36.2,0
4.83,4.95,3.99,0.5,4,2,88.7,11.4,10.3,9.5,54.2,1
4.06,4.53,7.29,0.5,4,2,47.1,11.9,10.2,9.4,19.3,1
8.25,5.89,7.36,0.571,14,8,123.9,31.6,5.5,4.6,54.2,1
3.01,5.07,2.01,0.0,1,0,36.1,21.6,2.3,7.6,36.6,0
8.11,4.91,6.92,0.75,12,9,149.5,37.5,5.4,3.9,10.5,1
3.28,4.17,1.97,0.0,0,0,12.1,6.3,7.5,7.6,11.6,0
9.12,4.57,5.92,0.667,6,4,76.2,12.0,1.6,1.5,44.6,1
7.67,5.6,7.58,0.727,11,8,120.9,36.0,3.4,4.4,50.4,1
0.71,2.57,0.0,0.0,2,0,73.6,15.6,1.4,5.3,30.4,0
8.66,8.55,10.0,0.692,13,9,151.4,38.5,8.3,1.7,27.7,1
6.25,7.74,5.3,0.5,4,2,58.7,18.5,8.2,1.6,29.8,1
8.82,8.17,8.41,0.812,16,13,141.2,27.6,9.0,9.6,21.0,1
2.55,6.47,6.57,0.0,3,0,89.7,21.5,2.6,8.5,37.0,0
0.0,1.99,3.67,0.0,3,0,43.7,5.8,4.0,1.1,58.9,0
4.06,6.71,2.75,0.25,4,1,47.5,24.8,1.3,6.4,43.0,1
6.17,4.27,4.73,0.333,3,1,94.8,23.0,1.9,4.5,15.0,1
7.47,9.55,10.0,0.667,15,10,210.1,39.4,2.5,3.1,53.4,1
2.43,3.81,4.15,0.0,1,0,8.6,20.7,4.4,1.4,39.4,0
6.38,7.25,7.53,0.778,9,7,153.9,20.6,3.5,8.4,56.5,1
6.51,7.89,9.18,0.789,19,15,189.7,19.0,7.3,8.2,48.0,1
7.72,8.04,7.81,0.889,18,16,146.9,15.9,5.3,7.3,19.7,1
6.29,5.51,5.33,0.429,7,3,123.0,12.2,8.4,3.4,14.1,1
4.6,5.61,7.29,0.0,2,0,42.5,13.5,4.6,6.1,52.5,0
7.22,7.71,7.27,0.625,8,5,136.5,21.3,10.5,1.9,16.3,1
5.8,5.62,4.81,0.0,2,0,73.4,16.5,5.7,3.5,48.4,0
5.74,8.11,8.64,0.714,7,5,76.9,27.0,11.2,4.0,33.3,1
9.2,8.31,8.18,0.737,19,14,169.5,31.6,11.6,1.5,54.5,1
5.52,10.0,3.3,0.6,5,3,155.3,20.8,8.4,7.1,57.3,1
8.27,7.98,5.63,0.556,9,5,77.0,35.8,11.1,6.8,15.2,1
8.06,8.07,5.9,0.667,9,6,95.9,30.2,5.3,3.2,14.7,1
8.63,7.16,7.33,0.769,13,10,110.9,29.5,8.6,7.3,47.7,1
6.67,4.0,1.87,0.0,0,0,29.3,17.3,10.3,2.8,16.3,0
4.31,3.9,2.23,0.0,2,0,21.6,16.7,7.0,3.1,41.9,0
3.5,2.94,2.03,0.25,4,1,54.7,17.8,6.1,2.7,45.1,0
6.75,7.06,5.44,0.0,1,0,80.7,19.0,4.6,7.1,29.8,0
2.12,4.23,6.13,0.25,4,1,85.7,25.0,6.0,4.2,30.0,1
7.52,8.29,9.46,0.789,19,15,204.2,16.5,10.0,9.5,42.4,1
3.36,1.85,6.61,0.0,2,0,24.9,19.7,3.3,1.5,37.6,0
8.21,6.32,7.34,0.5,4,2,57.2,10.9,2.6,2.4,31.6,1
6.26,8.23,9.21,0.571,7,4,58.1,13.1,6.7,6.2,56.8,1
4.89,8.07,5.67,0.333,3,1,40.4,7.6,5.8,6.8,29.0,1
9.34,8.71,7.21,0.895,19,17,239.5,29.7,4.9,8.2,37.7,1
2.54,6.23,5.03,0.0,3,0,36.5,17.5,7.3,2.7,13.0,0
5.71,8.38,6.84,0.0,2,0,27.3,12.7,1.6,4.6,35.6,0
5.63,8.51,6.55,0.6,5,3,81.7,37.0,7.1,9.6,12.4,1
10.0,9.1,8.01,0.692,13,9,110.6,28.0,3.7,4.2,59.5,1
6.73,7.47,2.64,0.0,1,0,59.3,13.2,6.4,4.7,11.2,0
7.13,7.81,5.9,0.778,9,7,75.8,22.0,4.8,8.0,59.6,1
8.36,7.25,7.06,0.818,11,9,169.5,36.7,1.7,7.2,17.0,1
4.35,8.52,7.19,0.636,11,7,143.3,27.1,5.6,4.2,39.7,1
5.51,5.84,3.94,0.5,4,2,107.8,16.3,3.9,7.3,38.4,1
6.53,8.2,4.13,0.4,5,2,56.8,19.7,1.3,6.3,57.1,1
8.46,7.61,8.44,0.81,21,17,204.8,37.4,3.2,1.2,53.1,1
5.84,7.36,5.35,0.4,5,2,58.3,16.1,7.5,4.8,40.8,1
9.81,7.01,8.59,0.941,17,16,136.7,31.2,8.4,8.2,56.6,1
10.0,7.02,9.76,0.957,23,22,186.5,20.8,10.9,3.3,21.0,1
9.65,8.5,9.65,0.909,22,20,247.4,22.8,5.5,2.9,58.8,1
5.23,6.59,6.84,0.429,7,3,74.7,13.5,8.1,7.7,21.6,1
7.88,6.2,6.23,0.667,12,8,101.8,21.2,4.5,8.3,53.8,1
6.32,7.71,7.4,0.818,11,9,107.9,31.6,9.3,8.3,57.3,1
7.17,8.44,8.05,0.6,10,6,170.5,28.7,3.1,7.5,35.6,1
7.41,5.77,6.6,0.429,7,3,164.7,5.9,11.6,7.1,41.6,1
8.01,8.4,6.12,0.8,5,4,63.0,23.9,4.8,5.7,32.0,1
9.34,8.15,3.67,0.333,3,1,34.9,21.4,8.1,4.8,32.9,1
6.87,7.3,8.98,0.667,9,6,84.4,15.0,11.1,8.6,47.1,1
8.82,8.67,7.5,0.8,20,16,208.6,33.0,2.2,1.3,59.7,1
6.78,7.07,6.46,0.778,9,7,102.9,39.7,6.3,9.9,47.7,1
7.27,7.22,5.83,0.833,6,5,48.0,22.7,3.7,3.1,13.4,1
9.8,6.73,8.97,0.947,19,18,269.9,27.3,4.6,2.0,57.7,1
7.44,7.44,7.58,0.875,24,21,198.6,16.8,11.0,2.7,51.1,1
4.76,6.88,5.18,0.5,2,1,89.4,23.7,11.0,8.4,54.4,1
7.51,7.48,7.11,0.9,20,18,169.2,22.8,6.5,8.2,47.0,1
3.1,6.25,4.01,0.333,3,1,179.8,24.1,4.9,1.4,19.0,1
6.52,7.52,6.95,0.667,12,8,114.8,30.9,4.9,2.3,39.8,1
3.83,2.26,3.44,0.0,1,0,59.5,17.0,8.7,4.3,51.2,0
8.69,7.03,6.61,0.667,6,4,61.8,24.7,1.9,2.3,24.9,1
9.3,7.44,8.45,0.722,18,13,312.8,20.1,9.2,5.9,54.2,1
3.41,6.24,4.15,0.333,6,2,79.3,9.5,9.2,9.3,31.2,1
5.23,7.12,7.64,0.611,18,11,169.7,31.8,6.0,7.7,27.8,1
6.38,4.89,3.68,0.429,7,3,170.1,15.5,8.8,3.3,32.3,1
8.72,9.25,7.31,0.708,24,17,257.1,30.0,9.0,7.9,58.8,1
7.37,4.0,5.28,0.571,7,4,150.0,8.6,5.7,2.5,45.3,1
4.34,4.25,6.58,0.5,2,1,113.6,18.3,5.8,9.6,46.0,1
0.46,4.35,3.34,0.0,3,0,72.0,24.4,9.0,9.3,48.1,0
4.44,6.85,4.23,0.5,6,3,58.3,6.7,5.8,6.9,31.9,1
4.63,8.1,4.52,0.714,7,5,123.5,27.1,1.9,9.8,35.9,1
5.54,5.85,3.41,0.5,2,1,29.7,8.9,6.6,7.9,13.1,1
7.27,5.68,5.02,0.333,3,1,43.0,7.1,5.0,1.9,48.3,1
0.65,6.88,5.44,0.0,2,0,86.9,10.6,4.5,9.3,12.8,0
7.25,8.12,5.06,0.857,7,6,79.7,30.1,1.9,7.1,56.6,1
5.95,6.33,4.28,0.429,7,3,175.7,20.2,8.4,3.7,19.2,1
3.19,5.78,5.13,0.25,4,1,43.4,20.4,5.7,6.1,11.1,1
8.61,9.81,8.28,0.84,25,21,322.2,24.7,10.1,2.2,56.8,1
5.75,6.63,6.64,0.286,7,2,80.5,10.7,4.3,9.8,42.1,1
5.24,5.91,6.16,0.5,6,3,73.0,17.2,5.9,7.7,21.4,1
8.26,6.61,8.05,0.842,19,16,259.9,18.8,7.6,7.0,31.0,1
3.94,6.2,1.87,0.0,1,0,10.0,12.4,11.8,4.8,35.1,0
4.61,6.95,4.69,0.0,2,0,75.7,6.7,10.5,5.3,13.4,0
5.97,7.49,5.47,0.667,3,2,59.9,10.8,6.2,8.7,25.2,1
8.11,7.78,8.35,0.765,17,13,276.6,23.6,11.9,5.4,19.0,1
6.21,7.26,3.38,0.0,1,0,71.7,10.6,3.0,1.4,11.1,0
5.35,4.34,3.84,0.5,2,1,127.9,13.7,6.9,5.3,29.5,1
6.98,3.45,5.32,0.0,4,0,191.6,7.9,7.4,3.5,24.0,0
6.05,7.38,6.75,0.8,10,8,80.3,35.3,11.4,1.8,18.1,1
1.39,3.42,4.04,0.0,1,0,74.1,24.9,4.2,5.8,36.7,0
6.99,8.61,5.35,0.833,12,10,129.1,34.9,7.3,4.1,50.5,1
7.62,7.23,5.15,0.75,8,6,71.5,29.2,10.5,6.2,45.9,1
6.89,6.13,8.2,0.769,13,10,106.7,16.2,5.2,4.2,25.8,1
6.66,5.99,6.3,0.75,12,9,99.3,29.9,9.1,2.9,52.1,1
8.36,9.71,8.06,0.759,29,22,253.4,30.5,7.0,2.1,24.5,1
6.59,6.69,5.36,0.6,10,6,95.5,27.6,9.6,8.7,52.2,1
5.65,8.55,7.19,0.714,7,5,73.4,26.2,9.0,7.2,59.4,1
6.6,8.5,8.92,0.538,13,7,117.3,27.3,4.4,2.6,35.2,1
6.7,5.19,7.49,0.583,12,7,146.9,17.0,5.8,3.6,37.3,1
9.22,9.49,9.15,0.733,15,11,224.8,28.2,6.1,2.0,42.5,1
4.27,5.99,3.27,0.0,4,0,98.6,10.5,8.0,4.1,59.9,0
6.26,7.59,6.8,0.636,11,7,140.5,39.6,11.0,5.0,12.0,1
7.65,8.25,6.2,0.636,11,7,145.4,31.6,8.9,3.4,25.8,1
8.44,8.18,8.61,0.952,21,20,197.8,26.5,1.8,7.0,51.1,1
8.41,6.87,6.59,0.75,8,6,92.8,23.6,7.0,1.8,47.8,1
6.25,5.26,5.05,0.5,2,1,16.9,6.0,7.3,8.4,26.3,1
5.14,7.99,8.43,0.7,10,7,90.2,17.6,9.9,6.2,40.9,1
8.27,7.27,6.57,0.25,4,1,190.5,5.7,7.4,2.5,45.6,1
8.47,6.91,8.92,0.7,20,14,211.9,20.8,2.7,7.2,39.7,1
4.63,5.24,3.01,0.667,6,4,63.4,22.9,2.1,6.9,55.3,1
8.45,8.99,8.65,0.778,18,14,148.9,18.6,2.2,4.8,49.8,1
8.88,8.85,7.6,0.75,16,12,256.7,35.5,4.9,6.9,36.9,1
7.05,8.2,7.26,0.556,9,5,77.7,20.6,11.0,4.4,41.5,1
6.87,5.01,6.28,0.727,11,8,151.8,21.4,8.9,1.3,28.8,1
5.92,5.54,6.85,0.667,3,2,39.7,21.4,12.0,2.9,23.3,1
3.68,8.18,5.82,0.25,4,1,47.9,21.3,5.2,1.8,27.1,1
1.38,7.28,2.98,0.0,0,0,6.4,16.6,11.2,5.5,52.1,0
8.0,8.43,8.1,0.778,9,7,100.3,34.9,7.5,9.0,30.5,1
3.75,8.75,4.7,0.571,7,4,63.8,5.2,1.2,6.3,32.8,1
4.5,5.98,5.64,0.333,6,2,97.4,21.6,5.6,3.3,53.4,1
4.48,1.63,6.58,0.444,9,4,82.7,14.3,3.7,9.2,26.8,1
1.3,7.99,5.0,0.0,1,0,13.2,17.5,5.9,8.0,21.0,0
9.22,8.34,7.86,0.95,20,19,214.9,22.1,7.4,2.0,58.3,1
10.0,7.24,9.23,0.955,22,21,180.1,23.3,3.7,9.9,29.5,1
3.94,7.0,4.61,0.5,2,1,184.5,11.8,4.7,1.1,44.0,1
1.79,3.66,3.64,0.0,2,0,34.5,12.4,9.5,8.3,30.0,0
6.03,3.13,5.72,0.0,1,0,95.3,20.8,3.2,8.2,52.5,0
6.95,7.35,5.59,0.5,6,3,48.7,29.2,11.3,7.0,51.1,1
6.47,10.0,7.71,0.909,22,20,209.2,18.7,8.1,2.6,53.6,1
5.5,4.81,5.85,0.5,8,4,103.5,6.8,5.6,8.7,52.8,1
8.26,8.09,7.97,0.905,21,19,181.3,31.0,3.6,7.4,53.7,1
8.79,8.76,9.52,0.733,15,11,180.3,34.0,2.2,5.6,50.7,1
4.66,4.03,0.0,0.333,3,1,113.2,13.1,4.7,5.4,38.6,1
7.94,7.12,8.75,0.625,8,5,65.8,23.1,7.0,6.0,27.8,1
6.88,7.65,5.97,0.667,9,6,83.5,33.5,1.6,8.7,19.9,1
2.04,6.38,2.43,0.0,2,0,50.0,6.6,3.2,9.5,58.8,0
7.1,8.16,8.11,0.875,8,7,145.0,34.7,6.6,3.7,17.6,1
5.74,8.82,6.22,0.6,5,3,175.3,30.9,9.8,5.2,28.1,1
8.8,8.89,8.55,0.95,20,19,203.3,28.5,1.6,1.6,19.4,1
7.22,9.37,9.45,0.733,15,11,143.3,21.4,6.4,4.7,59.3,1
7.97,8.65,8.54,0.75,20,15,171.0,23.0,7.5,2.9,15.8,1
5.76,2.77,5.74,0.0,1,0,59.5,20.7,11.3,7.2,17.8,0
6.49,7.8,7.24,0.7,10,7,86.6,25.0,4.9,8.0,50.2,1
8.08,7.12,7.05,0.773,22,17,181.6,30.7,2.3,9.9,49.0,1
7.99,7.39,5.47,0.786,14,11,175.7,17.2,6.1,2.6,26.9,1
8.71,9.6,6.31,0.905,21,19,180.1,18.0,10.4,2.4,58.7,1
4.2,4.0,3.48,0.0,3,0,68.7,18.1,3.8,4.3,52.2,0
7.91,8.74,9.75,0.739,23,17,226.1,36.7,5.8,9.7,32.6,1
9.02,8.37,9.3,0.72,25,18,264.5,22.8,9.6,5.0,34.3,1
4.91,4.49,2.67,0.429,7,3,191.5,19.5,7.3,6.8,11.5,1
10.0,6.94,4.8,0.25,4,1,95.1,15.8,6.6,3.2,47.2,1
8.28,8.33,7.14,0.882,17,15,188.6,35.6,5.6,1.7,23.7,1
6.38,5.32,4.02,0.0,0,0,126.8,24.4,6.9,5.1,57.3,0
5.14,5.91,4.7,0.4,5,2,128.7,18.3,4.7,9.4,55.6,1
7.28,8.28,6.44,0.8,10,8,139.1,39.8,4.1,5.5,26.5,1
7.04,7.72,8.0,0.636,11,7,185.1,24.9,3.2,4.8,29.3,1
3.56,6.89,3.96,0.0,0,0,28.6,8.1,11.4,7.9,23.4,0
5.93,6.3,5.95,0.5,6,3,63.7,5.4,9.0,1.3,39.8,1
5.47,6.76,5.93,0.286,7,2,77.3,10.3,8.5,9.5,23.4,1
2.22,4.1,2.79,0.0,0,0,72.7,18.2,10.1,6.8,58.4,0
5.55,7.21,5.91,0.25,4,1,65.8,24.0,5.2,4.8,45.7,1
3.96,4.9,3.31,0.25,4,1,107.8,9.0,1.9,5.3,10.5,1
9.09,9.17,8.16,0.75,24,18,285.3,33.2,11.8,2.4,21.3,1
7.17,6.51,7.64,0.75,8,6,194.3,15.2,1.8,3.3,43.5,1
7.6,2.47,4.93,0.0,2,0,57.0,15.1,2.6,5.0,26.7,0
4.71,5.86,5.82,0.333,6,2,58.2,16.5,2.7,4.2,44.9,1
3.55,3.22,5.61,0.5,2,1,142.3,10.4,5.1,6.1,54.1,1
3.53,3.34,4.38,0.0,2,0,26.6,20.8,6.0,3.7,29.2,0
1.98,5.67,3.4,0.25,4,1,69.0,7.3,2.4,5.8,56.8,0
6.39,7.63,7.61,0.667,6,4,82.8,33.1,2.2,4.7,34.3,1
4.86,6.62,6.7,0.5,6,3,166.7,16.7,1.9,5.0,47.8,1
6.94,7.46,5.78,0.5,6,3,67.3,8.6,3.6,4.8,22.6,1
6.51,6.31,5.05,0.8,10,8,94.1,16.6,2.4,8.7,41.7,1
9.43,8.75,10.0,0.625,8,5,103.2,16.8,9.7,3.0,43.9,1
6.41,4.75,1.81,0.0,3,0,42.0,14.2,10.0,9.4,37.3,0
7.55,7.15,4.33,0.4,5,2,114.0,6.5,10.1,4.8,39.8,1
7.84,8.24,6.99,0.741,27,20,257.4,38.6,1.0,3.1,56.9,1
8.28,8.68,7.53,0.96,25,24,256.8,16.9,11.9,4.7,24.4,1
4.69,5.62,6.18,0.25,4,1,110.7,23.1,11.7,3.1,54.1,1
8.43,5.94,7.51,0.6,10,6,145.3,36.9,11.3,8.2,52.5,1
4.69,7.34,3.35,0.5,4,2,34.9,7.2,3.4,5.2,31.7,1
4.14,5.27,8.18,0.333,3,1,103.4,14.5,2.4,3.1,56.6,1
3.22,7.34,4.8,0.0,3,0,80.4,13.1,11.2,1.8,35.6,0
3.53,6.43,1.28,0.0,3,0,28.5,23.2,3.1,4.7,32.4,0
7.14,3.79,6.48,0.5,4,2,50.1,12.9,3.0,6.2,57.9,1
5.12,6.31,4.72,0.5,4,2,47.4,20.3,3.3,3.9,33.3,1
1.74,3.29,0.0,0.0,5,0,59.3,13.4,3.5,2.8,11.9,0
6.67,7.03,4.88,0.333,6,2,71.9,23.2,7.8,4.7,56.7,1
8.82,7.09,8.06,0.895,19,17,202.8,23.0,2.0,4.8,16.4,1
3.7,0.44,3.52,0.0,2,0,116.9,18.5,1.5,6.1,48.2,0
8.91,8.21,5.88,0.889,18,16,204.6,38.9,6.8,4.6,57.7,1
3.56,4.93,5.22,0.5,6,3,87.6,13.7,9.2,8.5,48.6,1
8.67,7.12,8.02,0.737,19,14,153.6,38.7,3.6,3.2,14.2,1
5.02,7.24,5.55,0.0,3,0,113.0,20.3,4.9,4.4,36.7,0
7.75,7.84,9.25,0.824,17,14,236.4,21.0,1.9,4.2,47.4,1
4.58,6.69,7.75,0.5,4,2,48.7,16.7,7.5,5.0,51.8,1
9.04,4.42,8.35,0.625,8,5,97.4,37.0,6.8,9.4,34.2,1
7.78,7.45,6.68,0.727,11,8,96.4,19.6,5.0,4.9,41.2,1
7.15,8.52,10.0,0.762,21,16,240.4,25.8,6.3,6.8,10.9,1
7.03,3.72,7.22,0.333,3,1,46.1,16.8,10.2,1.4,21.8,1
3.7,4.83,3.66,0.0,0,0,106.6,13.3,8.9,9.3,30.4,0
8.4,9.4,8.54,0.875,24,21,234.4,37.7,2.3,5.8,54.0,1
6.07,7.16,5.88,0.833,12,10,103.1,34.4,3.9,9.4,46.0,1
3.72,5.56,3.61,0.429,7,3,74.9,16.6,9.0,4.7,41.5,1
5.24,6.12,5.6,0.5,6,3,287.5,20.4,3.3,5.5,21.7,1
8.35,8.03,7.86,0.75,12,9,103.0,34.2,11.3,9.5,28.5,1
7.49,8.55,7.94,0.789,19,15,161.4,21.7,6.6,2.3,40.6,1
3.26,6.43,6.01,0.429,7,3,203.3,13.5,1.1,5.0,12.3,1
4.99,2.87,7.26,0.333,6,2,103.2,22.3,2.8,8.3,52.7,1
4.04,4.81,3.53,0.0,2,0,79.7,13.9,3.8,2.7,43.5,0
8.05,7.29,6.29,0.818,22,18,280.0,22.5,2.0,7.8,40.3,1
5.15,4.13,6.58,0.333,6,2,81.9,8.2,11.8,2.4,34.4,1
5.92,7.61,5.01,0.875,8,7,101.4,22.6,5.0,1.6,59.5,1
7.99,7.77,10.0,0.857,28,24,256.9,32.6,1.7,2.7,20.7,1
5.96,4.05,6.48,0.25,4,1,85.1,15.7,11.4,4.6,44.7,1
6.57,5.1,7.11,0.8,10,8,289.7,38.6,3.2,8.9,45.2,1
8.41,7.36,4.23,0.6,10,6,117.5,25.1,7.5,1.8,31.5,1
8.14,8.53,8.77,0.727,22,16,362.2,22.2,5.7,6.8,11.2,1
0.32,4.52,4.56,0.0,1,0,50.5,13.1,5.0,3.0,43.5,0
4.7,4.65,1.85,0.0,2,0,49.2,15.9,4.4,2.6,14.3,0
6.42,4.53,3.73,0.333,3,1,78.8,10.7,6.1,2.7,20.5,1
6.7,8.34,8.72,0.706,17,12,187.0,16.9,2.5,6.8,27.0,1
3.07,6.57,4.57,0.375,8,3,96.6,12.3,11.1,4.3,28.7,1
7.39,7.74,8.21,0.818,11,9,117.6,23.6,2.5,5.0,34.8,1
6.06,9.33,7.12,0.778,9,7,84.0,31.7,7.0,8.5,16.3,1
8.97,9.14,8.58,0.842,19,16,285.3,35.9,12.0,1.2,15.6,1
4.65,7.27,6.92,0.333,3,1,45.9,17.3,7.4,5.9,42.0,1
6.19,7.2,5.15,0.667,9,6,298.5,19.2,1.5,8.0,22.6,1
3.96,4.21,7.12,0.0,2,0,51.5,15.6,9.9,7.6,43.2,0
7.52,8.5,10.0,0.9,20,18,160.4,19.2,7.4,7.4,55.8,1
4.0,8.43,8.79,0.5,4,2,96.5,22.9,2.3,9.9,20.5,1
8.89,7.5,9.02,0.722,18,13,193.0,23.4,3.3,3.8,18.9,1
0.92,2.96,0.57,0.2,5,1,76.0,18.0,10.8,5.0,55.1,0
4.68,9.74,5.39,0.5,4,2,34.9,5.5,6.0,4.0,31.9,1
7.6,6.13,5.29,0.833,6,5,117.8,33.8,8.9,7.0,33.8,1
5.6,6.16,5.18,0.571,7,4,97.2,22.7,6.8,5.7,38.9,1
8.98,6.91,4.44,0.6,5,3,54.8,16.9,11.3,7.1,30.7,1
5.44,4.08,4.46,0.4,5,2,111.8,15.7,10.2,1.3,28.3,1
6.08,7.09,6.84,0.625,8,5,91.6,38.3,7.0,5.7,17.1,1
9.27,9.21,8.73,0.688,16,11,174.3,19.1,9.1,3.7,33.2,1
6.3,4.91,7.36,0.333,3,1,93.0,10.2,10.7,9.0,19.8,1
3.6,5.7,4.64,0.6,5,3,75.0,19.2,3.7,3.9,26.7,1
9.59,7.93,8.54,0.947,19,18,152.7,38.6,6.4,4.1,56.2,1
9.46,9.83,10.0,0.875,16,14,192.9,15.0,11.3,2.5,21.7,1
7.87,7.74,6.81,0.833,12,10,240.2,23.4,7.2,1.9,20.0,1
5.9,7.6,6.68,0.7,10,7,165.9,30.4,10.2,5.4,15.9,1
9.58,7.42,7.83,0.8,20,16,173.2,18.4,3.2,1.5,19.9,1
9.46,7.02,9.52,0.781,32,25,278.1,15.2,10.2,1.3,57.0,1
7.63,7.36,1.91,0.0,1,0,38.6,16.0,10.8,1.9,51.1,0
8.9,5.27,5.89,0.615,13,8,119.7,35.1,1.5,9.9,16.5,1
5.22,2.27,5.47,0.0,2,0,73.1,7.4,2.3,4.7,42.4,0
6.95,5.09,6.55,0.4,5,2,84.0,12.2,6.2,4.3,42.1,1
2.8,2.02,4.62,0.25,4,1,34.9,22.9,6.8,7.0,51.6,0
7.51,7.73,8.11,0.7,20,14,176.1,15.8,5.6,9.1,59.1,1
3.69,6.09,5.97,0.4,5,2,116.2,20.7,6.0,8.1,51.9,1
5.78,4.87,4.44,0.333,3,1,143.5,7.1,8.9,7.2,14.8,1
0.0,5.76,2.54,0.0,1,0,37.7,17.7,3.4,7.1,48.6,0
8.03,6.22,9.65,0.769,13,10,118.1,17.7,9.7,1.9,23.6,1
3.75,3.92,2.33,0.0,1,0,15.5,7.5,2.9,9.6,44.7,0
3.3,1.02,2.14,0.0,1,0,58.0,10.1,11.4,2.5,58.3,0
6.42,8.26,10.0,0.895,19,17,209.9,35.8,3.7,6.5,39.3,1
5.15,4.82,6.82,0.778,9,7,171.3,26.1,7.4,9.8,36.6,1
7.2,1.41,3.07,0.0,2,0,83.8,20.4,6.5,3.7,58.7,0
5.31,3.61,4.8,0.5,4,2,38.3,18.1,4.1,1.0,16.3,1
2.84,4.91,4.94,0.0,3,0,190.0,15.8,4.2,2.1,45.2,0
7.51,6.74,5.59,0.0,2,0,30.5,15.7,10.1,1.9,57.2,0
6.36,4.71,3.67,0.333,6,2,105.8,13.7,3.1,8.3,50.1,1
5.0,8.35,5.32,0.5,6,3,56.3,16.7,12.0,3.6,17.5,1
7.04,8.08,8.08,0.6,10,6,106.2,38.4,5.1,7.0,22.8,1
8.17,8.35,8.15,0.867,15,13,120.8,28.9,5.2,5.6,38.1,1
8.24,6.11,6.71,0.556,9,5,102.1,34.9,7.5,1.9,37.4,1
5.94,6.81,7.63,0.333,3,1,44.2,18.4,3.4,6.3,55.7,1
7.1,5.61,7.7,0.333,3,1,24.7,18.1,5.0,6.5,44.8,1
7.59,7.91,10.0,0.7,10,7,174.0,26.0,1.2,1.7,35.5,1
2.69,4.36,5.04,0.333,3,1,101.6,10.2,8.8,2.9,12.0,1
6.21,6.58,5.77,0.625,8,5,164.8,33.7,10.4,5.5,16.5,1
5.08,3.9,5.64,0.364,11,4,119.5,24.4,9.3,8.3,11.6,1
8.33,8.45,7.56,0.5,8,4,72.6,35.3,2.5,3.1,32.7,1
5.04,8.32,6.58,0.333,3,1,67.5,12.8,2.9,3.0,38.8,1
8.52,5.65,7.07,0.818,11,9,150.9,34.7,8.7,6.3,32.5,1
3.5,5.08,4.25,0.0,2,0,29.8,15.2,5.2,5.0,59.0,0
7.85,5.89,6.83,0.556,9,5,79.0,22.7,2.3,9.9,25.4,1
8.88,7.19,8.1,0.773,22,17,187.6,31.4,5.6,2.6,44.5,1
5.44,6.99,7.43,0.5,4,2,56.1,24.1,4.6,9.7,55.1,1
6.51,5.29,4.75,0.833,6,5,109.0,17.1,8.2,6.9,57.8,1
8.68,8.64,8.42,0.926,27,25,220.8,27.8,3.5,2.6,50.5,1
9.22,8.45,8.52,0.812,16,13,146.5,22.0,11.7,2.4,46.7,1
8.64,9.27,8.68,0.882,17,15,198.3,32.2,4.5,3.3,57.8,1
5.64,3.74,0.0,0.0,1,0,9.1,13.9,9.6,7.1,41.8,0
0.98,4.07,3.38,0.333,3,1,55.8,22.6,7.4,7.1,50.2,1
6.0,2.26,5.05,0.333,3,1,50.7,13.1,8.5,1.6,39.7,1
7.3,5.43,6.37,0.444,9,4,88.9,10.4,10.5,1.6,43.9,1
7.99,8.32,9.39,0.8,25,20,231.8,36.8,9.4,5.6,43.5,1
2.12,4.0,3.98,0.25,4,1,85.3,13.4,8.9,8.8,17.7,1
9.01,6.21,7.88,0.636,11,7,364.2,19.5,6.5,8.6,11.0,1
3.55,7.03,5.17,0.5,4,2,49.1,21.2,9.8,5.1,40.3,1
5.08,7.85,4.38,0.4,5,2,66.6,9.6,7.4,4.3,32.4,1
4.14,5.3,5.19,0.333,3,1,64.4,16.2,8.8,2.6,22.6,1
0.81,3.98,3.69,0.0,1,0,15.8,5.2,9.9,2.6,40.3,0
6.48,5.13,7.96,0.571,7,4,92.6,30.1,11.6,6.3,33.6,1
3.82,4.87,5.85,0.4,5,2,67.8,22.8,10.3,5.7,44.6,1
0.39,0.43,3.92,0.0,2,0,80.4,13.1,3.4,4.2,24.2,0
7.64,9.35,6.3,0.846,13,11,149.7,25.5,5.8,1.5,35.8,1
4.18,4.13,6.47,0.4,5,2,73.9,5.4,8.4,5.7,54.9,1
9.07,9.1,8.23,0.75,16,12,168.6,25.3,11.4,2.1,58.7,1
5.82,6.38,8.4,0.8,10,8,193.1,16.4,2.5,7.4,31.9,1
7.03,5.84,6.92,0.636,11,7,113.7,36.1,4.8,6.9,45.5,1
3.89,7.51,3.0,0.333,3,1,129.4,11.0,8.2,4.0,29.6,1
5.8,5.09,7.11,0.75,8,6,77.8,36.9,1.2,7.6,56.7,1
8.21,5.13,5.68,0.25,4,1,44.1,6.3,7.3,6.6,35.3,1
4.08,5.8,6.81,0.0,3,0,24.2,23.5,2.2,1.9,26.7,0
4.66,7.69,5.35,0.6,10,6,169.1,39.5,6.4,1.1,17.0,1
6.1,7.37,6.81,0.75,16,12,216.4,26.1,7.3,5.7,11.9,1
6.29,5.5,6.28,0.4,5,2,49.4,18.4,7.7,6.8,14.4,1
0.67,2.32,0.0,0.167,6,1,64.0,21.5,1.1,6.1,27.0,0
6.06,8.36,7.48,0.75,8,6,108.8,33.4,7.3,1.6,15.8,1
4.92,5.69,8.21,0.5,8,4,87.6,23.9,10.0,6.3,22.6,1
4.5,6.83,4.47,0.667,12,8,113.9,29.5,6.5,6.2,24.3,1
6.74,7.05,7.12,0.636,11,7,149.9,24.1,10.2,5.1,46.0,1
8.2,8.97,9.2,0.75,16,12,314.6,21.4,6.0,1.3,29.9,1
5.53,6.94,6.09,0.25,4,1,44.4,9.0,11.1,8.7,48.7,1
8.57,3.33,7.47,0.75,8,6,87.1,33.5,9.6,7.9,46.1,1
6.54,4.71,8.4,0.667,9,6,132.6,27.8,10.6,3.6,14.3,1
2.1,6.14,0.6,0.0,3,0,31.8,21.2,3.4,7.5,57.2,0
2.4,9.18,5.38,0.571,14,8,148.8,10.4,9.5,6.0,43.0,1
4.57,10.0,6.55,0.667,12,8,103.2,27.4,2.9,2.1,56.6,1
3.94,8.53,6.17,0.429,7,3,152.7,5.6,1.8,3.5,20.0,1
7.87,7.55,8.65,0.8,5,4,100.5,33.0,9.0,1.0,57.7,1
4.79,7.28,3.85,0.0,3,0,82.1,20.8,7.4,9.2,57.1,0
9.15,8.18,8.43,0.944,18,17,237.7,18.2,2.0,6.3,36.6,1
8.09,6.93,8.72,0.625,8,5,98.3,32.2,4.7,7.3,44.9,1
4.44,7.3,5.78,0.5,4,2,46.3,11.1,9.5,3.9,22.1,1
8.04,8.84,8.96,0.909,22,20,178.3,22.4,4.1,2.3,24.5,1
3.35,9.7,7.33,0.625,8,5,207.2,33.0,2.0,8.6,46.6,1
4.95,7.82,5.9,0.444,9,4,165.7,15.1,9.2,2.3,22.6,1
3.21,5.32,4.27,0.6,5,3,63.1,18.0,9.0,2.9,54.2,1
3.58,5.57,4.87,0.444,9,4,128.0,15.8,10.3,7.9,12.9,1
1.5,5.03,4.71,0.0,2,0,120.5,9.0,1.9,8.1,51.8,0
8.94,9.33,9.78,0.737,19,14,187.2,28.3,9.9,8.1,39.1,1
5.62,7.22,4.21,0.333,3,1,67.1,12.5,6.9,8.9,55.6,1
9.75,5.08,7.94,0.5,4,2,65.5,15.6,8.6,3.6,38.0,1
5.91,6.81,5.59,0.667,9,6,75.7,30.0,3.9,5.7,35.9,1
7.48,6.35,5.02,0.333,3,1,110.5,8.8,8.7,3.6,24.9,1
6.85,6.11,7.91,0.5,4,2,45.6,24.5,6.2,1.4,58.5,1
3.73,4.27,8.97,0.333,3,1,126.5,18.3,4.8,7.2,11.0,1
4.21,8.05,5.72,0.6,10,6,186.1,10.6,2.2,2.0,24.6,1
5.53,2.58,5.61,0.5,6,3,114.6,16.1,11.2,4.4,33.2,1
8.13,6.97,9.29,0.8,15,12,123.9,32.5,7.9,2.7,33.5,1
1.93,7.01,7.28,0.6,5,3,188.9,6.6,11.3,4.3,52.2,1
5.1,9.63,5.93,0.625,8,5,69.7,18.6,1.4,5.2,57.7,1
9.89,9.82,10.0,0.714,21,15,226.7,28.4,5.2,4.1,41.0,1
3.58,6.36,3.97,0.0,1,0,10.6,12.6,4.7,7.5,47.1,0
7.78,7.6,7.36,0.792,24,19,214.0,34.8,6.6,2.2,46.9,1
7.18,6.32,5.32,0.667,6,4,57.4,16.1,8.2,8.0,50.7,1
7.8,6.21,5.75,0.636,11,7,155.7,24.7,4.6,6.4,53.6,1
9.32,7.42,8.14,0.864,22,19,192.9,20.0,11.3,1.2,31.9,1
8.74,4.81,7.69,0.889,18,16,181.8,29.7,3.2,3.6,18.1,1
6.53,7.33,5.15,0.6,10,6,148.2,16.2,3.4,7.4,49.1,1
5.95,9.05,6.6,0.625,8,5,149.7,28.8,6.0,3.6,24.9,1
5.65,4.74,5.58,0.571,14,8,142.0,23.8,7.1,2.7,53.0,1
6.87,5.34,5.2,0.583,12,7,102.7,18.5,9.2,5.2,49.1,1
5.49,8.41,7.15,0.0,1,0,8.5,5.7,10.4,7.2,23.3,0
4.51,7.49,4.66,0.5,4,2,43.0,16.5,11.2,2.3,58.5,1
2.96,3.55,4.6,0.0,3,0,44.7,8.5,5.6,8.1,33.2,0
3.18,7.99,8.16,0.4,5,2,54.6,15.3,1.2,3.4,35.7,1
4.2,6.32,6.72,0.4,5,2,118.0,19.8,7.9,9.9,36.7,1
7.97,9.2,9.3,0.789,19,15,202.6,33.8,8.5,2.8,34.7,1
7.95,9.9,3.21,0.333,6,2,158.4,9.9,9.0,8.3,52.9,1
5.37,2.17,3.59,0.0,3,0,204.4,6.1,7.3,8.8,34.1,0
7.56,6.59,9.19,0.667,24,16,219.9,19.9,11.0,2.6,24.3,1
4.25,4.98,4.61,0.5,4,2,54.7,23.7,1.6,7.1,54.6,1
3.85,2.96,2.39,0.0,1,0,71.5,19.6,2.1,7.5,44.0,0
1.67,3.34,5.47,0.0,2,0,17.5,11.6,11.0,1.9,40.3,0
7.14,5.18,6.4,0.538,13,7,122.1,17.7,6.2,7.1,53.7,1
4.0,4.72,3.99,0.5,6,3,115.7,20.1,8.3,3.1,39.4,1
4.17,10.0,4.45,0.4,5,2,226.7,24.1,1.7,5.0,19.3,1
5.3,8.76,5.07,0.7,10,7,165.4,18.1,10.4,9.1,57.3,1
8.06,6.52,5.48,0.75,8,6,135.2,37.2,9.0,9.4,26.6,1
4.95,5.64,4.68,0.5,2,1,24.3,23.2,10.8,6.9,43.6,1
7.94,8.8,9.24,0.778,18,14,185.4,17.5,11.1,2.3,21.2,1
6.41,8.02,5.54,0.429,7,3,57.9,16.7,3.5,2.3,42.7,1
7.54,6.04,8.28,0.375,8,3,256.0,16.8,7.1,6.9,34.9,1
10.0,9.28,9.99,0.706,17,12,159.3,36.2,10.1,4.4,39.5,1
4.78,5.02,5.03,0.429,7,3,65.2,10.3,1.4,7.3,34.6,1
7.7,8.72,8.96,0.913,23,21,218.0,36.2,7.6,7.1,59.7,1
6.65,6.35,9.65,0.75,4,3,73.9,28.8,1.4,5.2,56.2,1
8.53,7.88,7.12,0.6,10,6,195.8,35.8,7.1,6.5,33.7,1
8.8,5.03,5.86,0.778,9,7,99.9,30.7,9.0,7.1,33.5,1
8.78,5.62,8.44,0.857,7,6,68.9,38.2,8.9,7.9,20.1,1
6.98,5.65,7.1,0.75,8,6,250.4,23.3,2.3,6.1,55.3,1
3.25,7.49,4.48,0.5,4,2,93.3,20.8,3.1,3.4,35.6,1
7.11,7.1,8.36,0.833,12,10,104.7,34.7,11.8,1.2,45.0,1
6.88,6.61,7.05,0.636,11,7,118.0,24.6,5.8,9.8,14.4,1
8.25,8.18,3.33,0.0,2,0,39.5,23.5,10.1,2.0,15.4,0
7.29,6.23,7.09,0.5,8,4,157.4,37.8,10.0,2.2,59.9,1
5.61,7.76,7.31,0.636,11,7,149.1,19.8,7.1,3.3,57.8,1
7.87,7.77,7.05,0.9,20,18,203.4,17.2,8.6,2.5,49.3,1
6.44,5.03,5.79,0.75,12,9,154.4,17.7,10.0,4.9,13.6,1
4.29,5.63,7.11,0.333,3,1,109.3,12.3,7.6,6.5,28.3,1
4.06,0.0,4.53,0.0,2,0,100.1,20.5,9.7,7.4,22.7,0
3.37,4.16,4.19,0.0,2,0,51.2,18.0,6.5,5.4,18.6,0
8.2,6.72,6.46,0.6,10,6,219.0,35.6,8.7,1.7,30.9,1
5.17,4.0,3.32,0.333,6,2,99.3,14.4,11.0,4.3,24.4,1
6.95,2.93,4.93,0.667,12,8,180.2,14.2,3.8,4.3,11.0,1
10.0,7.01,5.19,0.571,7,4,84.6,10.9,1.6,5.4,27.8,1
5.73,8.44,7.9,0.8,5,4,89.4,23.0,3.7,1.1,21.8,1
7.38,8.88,10.0,0.706,17,12,137.3,33.5,4.5,8.2,31.6,1
7.94,9.41,7.13,0.8,10,8,141.2,28.4,8.5,8.9,31.6,1
7.55,8.96,7.15,0.75,8,6,136.9,37.6,5.5,9.6,53.3,1
6.29,6.93,5.57,0.818,11,9,92.8,20.8,1.5,7.3,52.5,1
7.18,8.05,8.24,0.6,15,9,233.0,35.1,2.5,8.0,41.3,1
7.47,7.93,6.5,0.778,9,7,97.9,20.2,8.1,8.8,47.4,1
6.43,4.42,3.31,0.0,4,0,54.1,10.8,7.8,9.1,58.1,0
4.13,6.14,7.66,0.4,5,2,200.2,13.9,9.3,7.8,23.3,1
5.41,7.45,6.46,0.333,9,3,178.9,13.9,7.5,2.3,10.2,1
7.22,6.51,7.35,0.667,6,4,152.0,30.4,3.1,3.6,33.8,1
4.99,2.37,0.8,0.0,1,0,21.9,19.5,1.8,9.6,19.7,0
2.54,7.17,3.69,0.0,1,0,17.1,24.6,2.1,6.3,41.3,0
4.32,6.5,3.17,0.4,5,2,53.9,18.6,3.5,5.6,54.4,1
6.18,3.57,3.79,0.429,7,3,130.8,14.7,3.5,2.8,18.3,1
5.73,3.67,9.12,0.333,3,1,70.6,16.2,8.2,2.4,42.3,1
7.15,7.72,9.71,0.818,22,18,237.0,20.7,9.7,6.7,39.4,1
10.0,6.66,9.27,0.6,5,3,109.1,34.9,3.2,9.6,35.1,1
3.03,5.86,5.73,0.0,0,0,0.4,19.3,4.8,8.1,26.9,0
3.22,3.68,2.2,0.0,2,0,106.8,6.3,11.4,9.9,14.4,0
4.92,8.73,6.29,0.615,13,8,258.7,18.2,8.7,5.6,11.3,1
3.65,6.12,3.22,0.0,1,0,177.7,16.5,10.8,6.9,33.8,0
2.94,5.97,3.85,0.0,1,0,52.3,22.8,11.3,1.5,35.0,0
8.48,7.83,7.54,0.8,10,8,82.0,33.8,6.8,4.3,13.3,1
2.92,3.57,6.74,0.4,5,2,44.2,12.7,7.6,5.6,44.7,1
9.35,7.93,9.77,0.733,15,11,126.8,22.8,6.7,6.3,49.5,1
3.13,3.87,8.43,0.5,4,2,43.3,22.8,10.4,1.7,15.3,1
5.2,8.07,7.83,0.75,8,6,163.6,24.3,3.3,8.0,31.7,1
10.0,10.0,9.65,0.778,18,14,201.0,16.5,11.2,3.0,60.0,1
7.78,9.21,8.22,0.955,22,21,194.9,28.1,6.3,4.2,54.6,1
9.55,8.75,7.37,0.773,22,17,322.5,21.2,8.4,7.7,32.4,1
2.96,7.03,7.2,0.0,3,0,25.9,5.9,10.6,7.1,43.0,0
6.46,5.9,7.59,0.571,7,4,74.9,6.0,11.4,6.8,53.8,1
5.8,2.66,6.14,0.625,8,5,97.1,14.2,7.2,2.3,33.5,1
3.66,5.53,5.17,0.25,4,1,91.5,23.5,8.8,4.3,45.7,1
7.09,6.79,8.87,0.944,18,17,153.1,32.9,9.3,1.8,53.1,1
1.91,3.75,3.32,0.0,2,0,39.0,5.9,4.3,5.8,30.4,0
7.25,6.91,8.77,0.667,12,8,156.2,35.7,9.0,9.9,23.6,1
0.83,2.82,6.28,0.0,1,0,46.0,10.8,8.2,6.8,20.5,0
10.0,6.73,10.0,0.737,19,14,175.2,30.9,1.2,7.5,51.8,1
7.22,8.59,6.79,0.786,14,11,113.0,31.8,6.2,4.1,53.1,1
3.61,3.5,1.91,0.0,3,0,79.8,10.0,4.6,8.5,48.1,0
4.82,6.34,7.07,0.786,14,11,229.9,34.9,7.4,7.0,59.5,1
7.27,9.45,9.74,0.867,15,13,126.9,21.6,10.2,3.9,34.4,1
6.41,3.02,1.57,0.0,5,0,64.2,7.8,8.8,7.0,12.2,0
2.74,1.19,2.6,0.0,1,0,80.4,23.3,5.5,4.8,45.1,0
6.83,3.23,1.02,0.0,2,0,26.3,15.2,6.8,8.9,33.1,0
7.56,6.8,6.67,0.643,14,9,225.1,21.9,4.0,3.7,40.6,1
5.53,7.84,7.37,0.625,8,5,71.5,22.5,4.1,6.4,50.8,1
4.18,4.77,5.47,0.375,8,3,94.6,7.6,8.3,2.9,31.6,1
8.78,7.5,8.63,0.897,29,26,235.5,17.7,6.6,5.2,57.6,1
4.39,6.44,0.24,0.0,3,0,169.2,11.3,5.9,2.0,51.8,0
7.85,8.3,8.68,0.72,25,18,241.7,22.8,3.0,8.7,30.2,1
6.52,5.85,6.6,0.625,8,5,109.5,35.0,2.5,2.0,56.1,1
6.86,8.14,6.51,0.571,7,4,191.1,9.8,9.8,4.9,55.9,1
6.73,9.2,6.19,0.545,11,6,97.3,31.3,7.7,8.1,22.7,1
4.58,4.33,7.57,0.333,6,2,91.5,15.1,5.4,2.1,30.8,1
8.32,7.63,8.97,0.833,18,15,204.9,21.5,11.4,5.8,51.6,1
6.74,7.55,6.18,0.714,7,5,91.4,27.4,11.2,9.0,49.3,1
5.19,7.49,6.05,0.667,9,6,285.3,17.5,5.7,3.8,55.3,1
0.0,3.67,3.79,0.0,3,0,82.0,9.2,10.4,1.5,20.8,0
6.65,2.96,4.74,0.0,3,0,64.8,16.5,2.8,4.6,27.2,0
5.57,7.07,8.93,0.8,10,8,98.4,37.1,8.4,4.1,37.2,1
1.23,1.79,4.19,0.0,4,0,93.8,22.1,8.5,1.2,20.8,0
8.0,10.0,8.92,0.952,21,20,172.4,37.5,2.4,4.5,52.6,1
8.14,4.31,5.5,0.0,0,0,32.8,14.0,5.7,5.6,57.3,0
6.28,7.25,6.7,0.625,8,5,92.3,21.2,3.9,1.0,34.8,1
7.68,9.44,7.65,0.706,17,12,188.1,37.9,8.5,8.3,15.4,1
6.86,7.58,7.69,0.818,11,9,167.7,27.9,2.4,2.9,42.8,1
6.42,8.64,6.28,0.857,7,6,57.3,34.6,4.5,1.3,55.9,1
9.67,6.79,8.89,0.667,12,8,99.7,34.0,6.3,4.1,30.9,1
3.96,4.87,3.38,0.0,3,0,238.1,21.4,5.8,7.5,23.5,0
9.23,7.38,6.8,0.667,18,12,153.6,37.2,7.7,9.6,59.9,1
7.93,6.68,7.75,0.625,8,5,182.0,15.9,3.4,3.8,40.8,1
6.48,5.17,5.1,0.6,5,3,59.9,18.1,4.1,6.1,48.6,1
1.99,1.82,5.41,0.0,1,0,42.2,7.1,4.8,2.3,41.8,0
3.38,5.91,4.53,0.0,0,0,26.3,9.1,5.4,1.7,44.8,0
6.12,6.76,6.98,0.75,8,6,75.7,22.7,6.2,5.0,45.4,1
7.18,8.02,7.16,0.333,6,2,50.2,9.9,2.3,5.8,52.9,1
4.79,3.99,7.87,0.5,6,3,98.3,10.1,1.6,1.1,11.1,1
8.54,8.22,8.08,0.833,18,15,241.6,32.0,4.3,6.1,45.7,1
6.75,6.56,6.13,0.667,3,2,34.1,14.4,10.6,3.0,33.8,1
9.53,7.32,8.12,0.944,18,17,407.1,17.9,9.0,1.5,11.5,1
8.05,8.09,8.6,0.905,21,19,186.5,38.1,8.2,4.9,49.5,1
0.59,2.25,1.71,0.0,2,0,96.8,20.4,11.1,5.8,15.0,0
5.2,6.2,7.19,0.571,7,4,162.3,20.2,7.2,2.1,36.6,1
7.27,7.99,7.9,0.5,8,4,113.5,30.7,11.9,4.6,26.6,1
5.02,8.0,7.26,0.333,3,1,29.9,9.9,4.3,6.0,29.9,1
6.05,2.82,5.78,0.25,4,1,216.2,18.6,5.6,7.3,47.8,1
1.54,4.75,3.87,0.667,9,6,89.6,22.4,1.0,1.2,33.3,1
7.54,7.95,9.17,0.571,7,4,89.1,17.3,2.4,3.2,53.0,1
2.59,5.79,4.66,0.0,2,0,75.3,21.6,10.3,7.1,57.7,0
2.94,5.3,7.07,0.25,4,1,101.7,6.9,4.5,4.5,41.1,1
8.34,9.61,8.44,0.647,17,11,174.0,17.7,5.3,6.3,23.8,1
9.34,8.12,9.24,0.893,28,25,228.2,21.1,9.5,5.8,56.4,1
6.82,8.49,7.9,0.625,8,5,107.0,36.4,11.7,5.0,13.0,1
5.0,3.49,8.94,0.571,7,4,96.7,9.1,7.9,4.2,52.2,1
6.42,7.52,7.25,0.75,12,9,248.1,34.8,7.4,6.8,56.5,1
6.95,6.72,7.99,0.8,10,8,123.5,30.6,1.6,2.9,13.7,1
8.24,9.58,8.14,0.75,8,6,131.9,31.5,5.5,3.4,59.0,1
8.76,7.23,5.1,0.5,4,2,47.6,21.4,12.0,1.7,33.7,1
4.71,5.34,2.87,0.25,4,1,87.5,14.3,7.7,3.5,23.7,1
6.45,8.18,7.7,0.696,23,16,279.6,30.0,11.6,7.0,18.8,1
6.76,7.28,6.47,0.571,7,4,80.9,18.8,5.1,6.7,37.4,1
5.12,8.58,5.11,0.75,12,9,129.2,17.6,4.1,9.0,37.5,1
7.23,6.74,8.03,0.636,11,7,144.9,22.9,9.7,2.2,48.1,1
10.0,6.67,9.5,0.824,17,14,375.0,39.6,8.0,5.0,34.6,1
5.05,4.96,5.7,0.25,4,1,79.7,24.5,2.2,2.9,33.7,1
0.97,4.57,4.39,0.0,2,0,112.8,23.5,2.0,2.0,11.7,0
9.62,9.18,8.69,0.792,24,19,233.2,28.3,10.1,9.8,30.6,1
7.78,6.28,5.39,0.5,2,1,22.3,23.5,1.9,9.4,45.4,1
8.74,6.41,8.98,0.545,11,6,115.9,25.3,11.9,5.2,22.8,1
5.26,8.55,3.59,0.0,0,0,144.3,16.8,4.8,6.6,55.5,0
7.7,7.21,7.65,0.8,10,8,108.3,39.2,2.5,6.3,20.0,1
4.29,5.51,6.16,0.429,7,3,90.7,20.9,2.7,6.9,26.2,1
6.5,9.67,6.52,0.556,9,5,155.3,34.3,2.6,5.2,48.7,1
7.44,6.62,7.17,0.625,8,5,87.1,22.1,11.0,7.8,13.2,1
6.9,6.1,6.85,0.571,7,4,197.3,18.3,10.6,8.4,28.0,1
2.84,6.19,3.99,0.333,6,2,60.2,24.4,11.8,6.9,54.0,1
8.71,7.65,7.2,0.833,12,10,137.3,21.3,11.5,5.4,26.6,1
8.45,9.16,7.99,0.647,17,11,171.4,40.0,8.6,3.8,53.8,1
4.29,5.31,5.54,0.333,6,2,60.3,7.7,7.1,6.4,45.3,1
3.2,4.5,3.97,0.25,4,1,120.6,22.1,3.4,1.6,46.9,1
6.23,7.01,7.82,0.778,9,7,163.7,35.2,1.2,2.7,42.7,1
6.23,6.72,7.99,0.818,11,9,140.2,25.1,1.2,6.3,10.6,1
7.3,8.95,9.04,0.667,12,8,139.4,31.5,8.9,3.3,14.5,1
7.41,9.13,8.4,0.688,16,11,174.5,32.0,8.1,8.8,34.3,1
9.47,7.24,9.14,0.955,22,21,220.1,34.5,3.7,7.1,55.1,1
9.79,8.07,8.08,0.75,8,6,85.1,15.9,7.0,4.5,15.1,1
3.8,4.48,3.07,0.0,1,0,155.7,19.3,10.7,6.7,29.4,0
7.7,6.52,9.16,0.571,14,8,127.1,22.0,11.0,6.8,14.1,1
8.89,7.47,9.15,0.786,28,22,237.7,24.0,11.1,6.2,46.9,1
7.51,9.33,7.37,0.615,13,8,163.1,37.9,5.3,2.6,24.3,1
5.82,6.28,8.72,0.545,11,6,93.0,29.6,1.6,4.0,47.7,1
7.23,8.14,8.01,0.75,12,9,162.2,27.9,10.0,7.5,40.8,1
8.46,7.37,9.37,0.957,23,22,194.0,34.9,6.0,4.0,17.9,1
7.68,9.12,10.0,0.667,15,10,188.1,32.8,1.6,6.0,14.2,1
4.0,5.02,4.47,0.0,1,0,57.5,8.5,3.8,5.2,21.7,0
7.35,6.21,6.16,0.5,6,3,57.7,12.4,1.3,2.2,18.7,1
9.49,8.96,9.42,0.688,16,11,176.5,25.5,7.7,7.9,37.3,1
5.03,5.74,6.36,0.4,5,2,49.8,23.5,9.4,5.3,44.0,1
2.78,2.95,6.53,0.0,0,0,30.3,12.2,4.2,2.6,49.6,0
3.86,5.01,3.81,0.0,3,0,27.0,18.9,1.6,8.4,51.2,0
6.74,4.77,5.09,0.6,5,3,118.6,39.0,5.7,5.6,17.3,1
6.58,6.49,4.25,0.333,3,1,29.9,12.0,2.9,4.4,30.9,1
7.75,7.48,5.49,0.727,11,8,100.7,25.3,10.6,5.7,26.7,1
6.51,7.8,8.45,0.727,11,8,142.7,32.8,10.7,4.3,13.8,1
7.1,2.1,5.0,0.0,2,0,49.5,7.3,1.9,4.1,25.5,0
7.07,5.16,6.05,0.0,1,0,31.5,7.1,6.4,8.9,54.4,0
8.17,9.07,8.77,0.905,21,19,278.4,28.8,11.6,10.0,15.8,1
5.35,0.0,3.99,0.0,1,0,110.4,9.3,5.7,9.5,31.4,0
8.08,3.91,8.42,0.6,10,6,96.6,31.8,1.2,7.8,23.3,1
7.63,5.41,7.18,0.571,14,8,198.8,20.0,1.7,3.1,31.3,1
3.5,6.95,7.0,0.4,5,2,105.1,8.7,6.6,1.8,56.0,1
7.01,7.18,6.76,0.667,6,4,188.9,32.3,10.5,4.3,12.2,1
3.98,1.69,6.41,0.0,2,0,54.8,13.3,11.7,6.2,53.3,0
4.88,4.97,7.49,0.0,0,0,11.2,8.7,3.8,3.7,28.0,0
7.51,9.59,9.46,0.765,17,13,152.0,15.8,10.0,3.5,49.8,1
5.98,8.67,5.0,0.706,17,12,196.5,20.7,1.0,4.1,58.4,1
3.61,5.39,4.22,0.25,4,1,63.0,9.1,4.3,2.8,48.7,1
4.81,4.03,8.15,0.4,5,2,83.6,15.4,4.6,5.9,57.9,1
6.57,7.35,7.1,0.8,5,4,51.3,31.7,3.0,6.5,30.6,1
4.4,4.81,3.59,0.5,4,2,103.8,10.3,1.5,1.0,27.5,1
7.14,5.84,8.28,0.667,6,4,107.0,28.3,5.8,4.5,52.1,1
9.74,8.27,7.97,0.5,6,3,58.4,27.6,10.3,3.1,56.8,1
2.37,3.64,7.05,0.0,4,0,67.6,16.1,10.1,5.5,55.8,0
8.49,5.68,6.11,0.4,5,2,58.8,18.3,10.2,4.2,31.3,1
3.95,4.32,1.27,0.0,2,0,18.4,13.6,10.1,1.2,43.8,0
2.87,5.39,2.11,0.0,3,0,84.5,19.5,8.4,4.0,18.5,0
8.14,5.81,2.88,0.333,3,1,25.9,8.7,9.2,3.9,43.4,1
4.44,6.79,5.94,0.25,4,1,41.5,17.0,8.8,3.9,37.0,1
7.16,5.63,3.79,0.429,7,3,56.1,11.5,3.4,9.7,46.4,1
7.73,7.24,5.92,0.769,13,10,138.7,17.6,3.2,5.3,54.4,1
3.81,7.91,3.46,0.333,3,1,186.1,8.7,4.4,5.6,53.2,1
9.54,7.96,7.52,0.667,9,6,110.8,19.9,5.7,5.5,55.1,1
7.43,8.28,6.54,0.7,10,7,175.8,21.2,1.2,6.6,32.9,1
6.57,7.93,6.78,0.333,3,1,42.5,17.1,3.0,6.6,18.7,1
7.36,7.78,8.69,0.7,20,14,381.4,31.5,5.0,5.2,23.3,1
5.45,8.19,7.39,0.5,6,3,172.6,26.5,1.9,9.6,53.9,1
6.25,7.33,6.23,0.5,4,2,49.2,15.4,5.3,9.6,26.8,1
6.04,5.7,7.48,0.556,9,5,117.3,22.9,2.9,4.8,51.6,1
8.01,7.39,9.26,0.952,21,20,181.4,26.1,2.7,6.4,22.5,1
8.46,6.65,6.97,0.714,7,5,60.9,34.5,11.9,5.8,44.1,1
8.35,6.96,6.37,0.545,11,6,94.4,38.2,7.1,8.2,26.6,1
4.39,7.02,5.79,0.5,4,2,46.9,10.4,5.5,3.2,16.5,1
5.48,4.32,3.05,0.0,1,0,33.9,12.9,4.3,5.1,22.6,0
7.97,7.79,7.53,0.8,10,8,85.4,23.7,6.9,8.3,20.8,1
1.27,3.28,3.45,0.0,1,0,53.9,16.1,5.5,4.9,21.3,0
7.23,7.26,7.9,0.8,10,8,97.5,15.5,11.4,2.5,10.5,1
6.48,5.43,4.25,0.714,7,5,89.8,15.5,2.6,4.4,44.2,1
5.67,9.04,4.53,0.556,9,5,105.0,22.5,10.3,6.4,32.7,1
6.3,7.2,6.83,0.8,15,12,171.5,28.0,8.5,5.0,22.1,1
8.38,10.0,9.86,0.684,19,13,226.1,21.2,7.7,7.2,33.6,1
0.36,3.18,3.53,0.0,4,0,173.7,22.0,10.3,5.6,49.5,0
8.0,8.79,8.54,0.824,17,14,138.0,34.1,2.9,6.7,14.3,1
1.75,2.67,5.8,0.0,2,0,30.2,24.5,9.8,4.7,17.6,0
6.81,5.72,5.46,0.5,4,2,100.9,9.4,3.4,9.5,57.7,1
2.57,4.92,2.87,0.25,4,1,120.0,8.3,10.6,3.5,14.0,1
3.81,4.94,6.2,0.4,5,2,54.3,9.7,3.1,6.2,26.4,1
3.23,1.59,3.98,0.0,0,0,78.2,14.8,2.0,6.3,47.9,0
8.17,9.8,8.78,0.957,23,22,322.8,25.1,7.3,8.1,44.9,1
1.75,2.39,5.31,0.0,0,0,59.1,10.0,3.8,6.7,48.1,0
1.77,5.51,4.3,0.0,2,0,48.1,21.0,2.4,4.6,23.6,0
7.26,6.88,7.4,0.875,8,7,89.3,30.0,3.7,5.4,13.7,1
7.29,6.12,7.77,0.933,15,14,145.2,30.6,11.6,8.5,33.2,1
5.55,4.37,4.64,0.4,5,2,83.8,24.7,2.1,3.6,53.5,1
8.0,8.57,9.56,0.737,19,14,170.2,37.1,9.0,7.0,49.9,1
6.09,9.88,6.17,0.583,12,7,110.6,38.0,8.4,1.1,20.2,1
7.04,6.92,6.51,0.429,7,3,140.0,17.4,10.2,5.6,28.8,1
4.51,3.22,4.43,0.0,6,0,50.4,9.9,2.6,6.0,19.2,0
7.43,6.75,9.63,0.962,26,25,255.9,19.6,8.5,7.9,31.5,1
2.66,2.67,3.9,0.0,2,0,54.0,23.0,12.0,7.8,58.5,0
5.38,5.74,4.68,0.6,5,3,104.1,24.3,11.2,7.9,36.0,1
8.86,7.52,7.2,0.5,6,3,140.5,21.5,4.1,9.6,29.0,1
8.72,7.87,8.14,0.857,14,12,122.5,24.0,10.5,4.8,55.8,1
8.75,6.49,6.78,0.867,15,13,128.1,35.5,4.0,4.2,20.8,1
8.76,7.96,3.91,0.0,1,0,35.1,21.3,10.8,3.2,38.7,0
4.45,3.57,4.13,0.0,1,0,11.8,8.8,4.7,1.7,19.6,0
3.63,6.8,2.12,0.0,1,0,41.9,21.5,5.5,9.9,48.5,0
0.0,6.89,4.88,0.0,3,0,33.9,11.9,11.2,2.3,41.6,0
5.99,5.47,4.64,0.4,5,2,108.9,10.6,1.2,5.9,57.8,1
7.53,7.11,8.31,0.8,15,12,166.2,19.7,7.0,3.5,26.2,1
8.16,7.27,6.79,0.636,11,7,116.4,26.7,8.8,3.8,25.8,1
9.16,10.0,9.83,0.85,20,17,210.6,31.5,4.2,2.3,17.8,1
4.04,5.64,7.3,0.333,6,2,52.9,19.3,1.8,5.5,33.6,1
6.85,7.36,8.45,0.667,9,6,76.9,22.9,10.6,4.1,38.1,1
6.22,7.78,6.95,0.5,8,4,72.3,34.1,9.0,6.1,33.4,1
4.72,5.04,4.91,0.0,3,0,183.4,10.5,10.6,4.5,16.0,0
9.61,8.03,7.85,0.95,20,19,189.1,28.0,6.7,5.9,35.9,1
8.8,7.91,8.69,0.821,28,23,233.6,35.2,10.8,8.7,31.7,1
5.28,5.32,8.1,0.333,9,3,100.2,21.6,6.2,8.5,46.5,1
6.63,7.94,3.72,0.714,7,5,98.1,37.3,8.0,7.2,43.4,1
7.01,6.65,7.24,0.75,8,6,134.5,35.3,1.0,5.5,45.2,1
7.84,8.74,8.4,0.727,22,16,187.4,21.0,3.5,4.6,42.7,1
5.4,8.08,8.11,0.5,6,3,97.5,29.6,11.9,9.0,30.5,1
6.04,6.64,6.64,0.8,10,8,296.4,16.1,2.7,4.8,19.3,1
6.46,7.05,5.71,0.714,14,10,338.7,34.2,11.6,8.0,53.7,1
5.71,8.41,6.49,0.333,3,1,32.1,21.6,10.2,8.3,42.3,1
8.1,7.29,9.78,0.714,7,5,59.3,34.7,6.8,1.3,12.0,1
5.09,8.02,7.88,0.571,7,4,94.6,18.4,2.1,4.4,48.5,1
5.88,6.08,4.96,0.333,3,1,149.9,12.1,8.9,5.0,42.8,1
6.08,5.04,7.29,0.615,13,8,110.1,33.5,9.5,9.7,48.7,1
6.69,5.66,5.69,0.571,14,8,153.3,15.3,5.5,1.7,30.3,1
8.05,9.02,9.32,0.696,23,16,246.9,24.8,9.4,5.0,27.3,1
6.54,7.68,7.3,0.857,7,6,105.8,38.4,9.3,1.9,21.6,1
6.98,5.65,7.72,0.846,13,11,107.1,27.2,9.5,2.4,40.6,1
6.96,6.73,7.99,0.7,10,7,98.4,18.2,9.4,8.7,22.9,1
10.0,7.03,6.61,0.636,11,7,229.9,28.3,10.4,4.1,26.8,1
3.7,1.94,4.13,0.0,1,0,39.0,13.4,9.6,4.2,59.1,0
7.69,8.68,8.73,0.95,20,19,386.4,24.9,11.9,2.4,22.7,1
9.8,9.4,7.73,0.905,21,19,192.8,36.0,8.4,7.3,36.8,1
2.3,1.49,3.93,0.0,2,0,47.2,15.3,4.7,3.5,42.8,0
10.0,8.79,8.89,0.875,16,14,138.2,21.8,5.5,7.3,41.9,1
6.63,7.17,7.72,0.571,7,4,88.3,21.7,8.5,7.2,20.9,1
4.44,4.77,4.92,0.0,2,0,23.9,16.1,8.1,4.5,34.9,0
3.83,3.55,5.03,0.0,3,0,29.8,20.8,2.8,4.1,48.1,0
2.28,5.97,3.23,0.0,2,0,34.0,7.6,5.2,2.8,42.2,0
3.54,3.48,5.47,0.0,2,0,18.9,13.2,1.6,6.0,25.4,0
5.72,7.72,3.43,0.5,4,2,68.7,23.6,11.3,9.7,16.3,1
8.96,10.0,9.3,0.81,21,17,174.0,25.8,6.0,6.0,15.3,1
2.97,2.67,2.87,0.0,2,0,52.4,17.2,9.0,1.2,38.5,0
3.41,3.55,3.62,0.0,2,0,114.1,22.4,6.2,5.6,51.8,0
6.41,7.72,5.7,0.625,8,5,94.4,12.3,7.9,7.1,20.5,1
1.91,2.94,6.79,0.0,3,0,64.8,10.8,10.1,7.0,58.5,0
6.25,7.59,2.49,0.714,7,5,76.4,15.0,4.4,3.5,29.7,1
10.0,8.58,9.68,0.895,19,17,179.9,32.5,5.8,4.8,48.0,1
9.01,7.35,7.82,0.833,18,15,224.0,34.7,5.0,9.9,39.7,1
7.62,8.1,6.09,0.769,13,10,130.8,18.1,5.6,2.7,30.8,1
7.75,8.22,7.89,0.833,6,5,59.2,29.5,6.1,4.8,54.5,1
7.28,7.84,5.92,0.714,7,5,63.4,19.0,1.8,2.8,45.8,1
3.37,4.75,0.0,0.0,0,0,14.9,15.9,9.1,6.4,29.6,0
7.9,9.74,8.6,0.852,27,23,231.4,38.4,6.0,2.1,31.6,1
10.0,10.0,8.62,0.944,18,17,218.2,36.0,5.0,7.8,34.3,1
6.58,6.19,6.9,0.692,13,9,177.2,36.9,2.1,4.5,48.8,1
6.27,6.1,4.91,0.75,8,6,75.5,32.4,9.2,3.3,27.2,1
5.9,2.84,6.56,0.2,5,1,111.0,18.0,3.0,1.5,44.1,1
6.72,9.22,7.0,0.714,7,5,67.4,16.7,2.9,9.9,33.4,1
3.57,6.16,2.36,0.0,3,0,29.3,22.6,4.3,6.9,34.4,0
7.73,7.76,7.18,0.636,11,7,139.3,32.9,7.4,2.3,32.3,1
8.31,7.18,6.92,0.556,9,5,76.8,21.0,2.1,7.2,11.5,1
5.57,5.5,5.92,0.5,4,2,87.4,14.4,5.2,2.1,22.2,1
8.17,8.78,6.79,0.812,16,13,153.6,29.8,6.4,3.7,38.0,1
7.06,5.95,5.12,0.5,2,1,123.2,6.4,5.6,6.2,17.4,1
6.12,6.38,6.56,0.5,4,2,79.0,8.8,4.0,6.8,33.4,1
5.26,1.74,2.47,0.0,2,0,21.8,5.5,4.0,3.4,51.0,0
8.05,4.95,6.31,0.429,7,3,85.1,15.6,5.9,5.4,24.9,1
7.85,9.88,8.9,0.875,16,14,146.2,38.8,8.9,3.9,24.5,1
6.28,5.08,5.37,0.333,6,2,61.9,10.0,5.2,8.4,55.6,1
7.01,9.76,7.8,0.8,10,8,118.3,36.4,1.6,5.7,37.0,1
3.09,3.37,5.85,0.0,3,0,32.0,12.0,10.1,9.0,19.3,0
5.11,5.89,7.06,0.25,4,1,287.8,15.9,6.2,9.6,17.8,1
7.89,9.29,7.85,0.875,16,14,256.6,34.6,3.0,8.2,42.1,1
6.77,6.4,7.62,0.4,5,2,40.0,17.2,5.0,7.8,28.8,1
9.08,5.92,7.39,0.7,20,14,388.0,27.0,3.5,4.4,42.7,1
8.4,9.17,8.66,0.96,25,24,260.0,19.1,1.1,2.5,51.9,1
9.26,7.71,9.89,0.957,23,22,196.9,28.8,8.1,2.5,58.8,1
7.51,9.21,7.87,0.714,7,5,81.0,21.8,1.0,7.5,51.7,1
5.22,7.62,9.66,0.545,11,6,180.6,15.3,10.5,5.1,10.2,1
6.79,7.76,5.6,0.545,11,6,180.7,38.5,8.2,3.1,22.6,1
6.35,8.22,4.7,0.667,12,8,114.6,33.7,7.1,8.9,25.4,1
3.96,5.06,6.48,0.6,5,3,176.7,16.3,7.7,1.6,53.2,1
7.28,7.27,8.87,0.857,7,6,64.6,27.9,7.6,5.1,27.0,1
7.79,6.48,4.81,0.8,10,8,119.7,19.2,10.0,4.3,24.7,1
4.9,4.49,6.46,0.0,1,0,55.6,6.4,6.6,1.7,46.8,0
6.61,4.04,6.52,0.5,6,3,82.5,8.8,7.1,4.7,29.5,1
2.83,3.87,4.09,0.2,5,1,50.3,10.8,9.6,9.0,46.2,0
7.15,6.43,4.33,0.75,8,6,125.9,28.2,6.7,1.8,42.8,1
3.05,3.23,3.49,0.0,3,0,26.5,19.9,9.2,7.0,42.2,0
7.64,4.86,6.89,0.818,11,9,100.0,21.7,3.6,5.6,26.1,1
9.56,8.37,9.51,0.812,16,13,159.1,31.5,9.7,7.8,57.1,1
7.23,7.49,5.3,0.5,6,3,101.5,30.3,8.8,6.9,15.7,1
6.07,7.97,7.27,0.846,13,11,122.5,28.7,8.7,10.0,31.8,1
6.91,7.67,7.52,0.538,13,7,145.7,17.4,10.2,7.8,33.0,1
6.63,7.89,7.59,0.8,5,4,53.7,33.2,3.8,4.6,59.2,1
7.57,5.42,5.9,0.75,8,6,66.8,30.4,8.5,2.8,51.0,1
2.45,5.69,5.43,0.0,2,0,87.3,20.2,9.7,9.4,15.9,0
7.2,7.59,9.36,0.7,10,7,81.4,20.3,5.8,4.8,12.2,1
4.3,6.14,4.76,0.5,4,2,34.6,14.6,9.0,4.5,20.9,1
7.44,6.18,2.26,0.6,5,3,164.9,18.3,6.2,8.0,42.0,1
9.78,8.33,7.55,0.885,26,23,223.5,17.9,1.2,2.0,24.6,1
3.19,6.7,4.11,0.25,4,1,146.0,24.6,8.1,9.3,42.1,1
7.38,9.33,10.0,0.789,19,15,172.9,39.0,9.8,5.1,20.0,1
1.34,3.24,3.1,0.0,2,0,50.1,10.5,7.3,5.1,31.7,0
8.76,8.21,8.21,0.857,14,12,174.8,24.3,8.5,7.4,56.8,1
8.92,8.81,8.89,0.762,21,16,185.7,29.0,3.8,1.7,46.5,1
5.73,7.04,7.35,0.714,14,10,121.7,31.6,2.7,9.1,21.5,1
8.62,7.03,8.4,0.714,7,5,60.0,35.0,11.2,8.9,27.1,1
7.11,6.86,4.28,0.6,5,3,41.7,27.6,4.5,2.6,47.5,1
9.34,5.91,8.6,0.545,11,6,91.7,23.1,3.6,3.4,21.1,1
8.14,8.07,9.26,0.842,19,16,238.3,34.5,10.8,9.4,21.9,1
7.81,7.21,6.99,0.714,7,5,57.6,24.3,2.9,3.3,53.9,1
7.75,5.3,6.49,0.818,11,9,159.3,27.1,6.9,1.5,37.8,1
4.54,3.59,6.56,0.571,7,4,91.8,19.0,10.4,5.2,51.7,1
8.95,7.53,8.89,0.833,18,15,190.9,24.8,11.6,6.1,56.9,1
10.0,10.0,9.06,0.95,20,19,172.6,26.8,1.7,5.7,29.0,1
7.44,6.89,8.79,0.818,22,18,258.8,27.6,8.7,7.7,22.7,1
3.55,1.39,3.64,0.25,4,1,75.9,12.8,2.2,9.1,11.8,0
5.95,1.54,6.72,0.2,5,1,326.1,13.7,1.3,4.3,16.4,1
8.88,8.37,8.43,0.727,22,16,180.9,16.6,3.9,6.1,58.2,1
3.3,4.24,3.44,0.0,1,0,22.2,9.9,11.9,7.8,51.8,0
5.24,6.52,7.13,0.556,9,5,123.8,5.9,7.0,1.2,48.9,1
8.71,7.04,5.34,0.692,13,9,141.6,37.2,5.2,9.2,32.1,1
4.71,2.05,4.47,0.5,4,2,199.0,14.6,2.1,8.1,44.9,1
9.38,9.29,7.84,0.714,7,5,102.9,24.7,5.6,8.5,33.8,1
0.48,7.55,2.57,0.0,0,0,95.3,23.8,12.0,3.5,38.8,0
5.58,7.46,4.91,0.778,9,7,121.4,39.9,6.9,7.4,12.8,1
4.9,7.12,6.86,0.5,6,3,68.6,24.4,2.1,5.5,31.4,1
5.93,7.62,7.44,0.778,9,7,80.2,16.0,8.9,3.5,45.7,1
5.97,8.52,5.29,0.4,5,2,95.8,18.8,1.5,4.0,30.6,1
8.03,10.0,7.26,0.762,21,16,192.0,33.4,11.2,6.7,49.5,1
8.89,8.66,7.03,0.75,16,12,206.4,35.2,6.1,2.6,42.3,1
2.8,4.19,4.95,0.0,2,0,135.5,15.1,8.2,4.7,41.6,0
6.38,8.64,5.28,0.667,9,6,82.8,27.6,5.7,7.6,22.1,1
